{
  "out_since": 1759682529.567959,
  "entry_price": 6.124952327714343e-05
}